{
    "agents": [
        {
            "aggression": 0.10000000149011612,
            "color": [
                0.800000011920929,
                0.6000000238418579,
                0.6000000238418579
            ],
            "diet": null,
            "expansion": 0.10000000149011612,
            "food": 1.0,
            "id": 0,
            "idealMoist": 0.5,
            "idealTemp": 0.5,
            "maxMoist": 1.0,
            "maxTemp": 0.0,
            "minMoist": 0.0,
            "minTemp": 0.0,
            "name": "Human",
            "output": null,
            "resilience": 0.30000001192092896,
            "type": 2
        },
        {
            "aggression": 0.10000000149011612,
            "color": [
                0.6000000238418579,
                0.4000000059604645,
                0.20000000298023224
            ],
            "diet": null,
            "expansion": 0.10000000149011612,
            "food": 1.0,
            "id": 1,
            "idealMoist": 0.5,
            "idealTemp": 0.4000000059604645,
            "maxMoist": 1.0,
            "maxTemp": 0.0,
            "minMoist": 0.0,
            "minTemp": 0.0,
            "name": "Elk",
            "output": null,
            "resilience": 0.20000000298023224,
            "type": 1
        },
        {
            "aggression": 0.10000000149011612,
            "color": [
                0.20000000298023224,
                0.800000011920929,
                0.20000000298023224
            ],
            "diet": null,
            "expansion": 0.10000000149011612,
            "food": 1.0,
            "id": 2,
            "idealMoist": 0.5,
            "idealTemp": 0.5,
            "maxMoist": 1.0,
            "maxTemp": 6.025583396596713e-44,
            "minMoist": 0.0,
            "minTemp": -1.0782210177973924e-32,
            "name": "Grass",
            "output": null,
            "resilience": 0.4000000059604645,
            "type": 0
        },
        {
            "aggression": 0.10000000149011612,
            "color": [
                0.5,
                0.5,
                0.5
            ],
            "diet": null,
            "expansion": 0.10000000149011612,
            "food": 1.0,
            "id": 3,
            "idealMoist": 0.5,
            "idealTemp": 0.5,
            "maxMoist": 1.2000000476837158,
            "maxTemp": 1.2000000476837158,
            "minMoist": -0.20000000298023224,
            "minTemp": -0.20000000298023224,
            "name": "Weaver Cow",
            "output": null,
            "resilience": 0.5,
            "type": 1
        },
        {
            "aggression": 0.10000000149011612,
            "color": [
                0.5,
                0.5,
                0.5
            ],
            "diet": null,
            "expansion": 0.10000000149011612,
            "food": 1.0,
            "id": 4,
            "idealMoist": 0.5,
            "idealTemp": 0.5,
            "maxMoist": 1.2000000476837158,
            "maxTemp": 1.2000000476837158,
            "minMoist": -0.20000000298023224,
            "minTemp": -0.20000000298023224,
            "name": "Titan-Roach",
            "output": null,
            "resilience": 0.5,
            "type": 1
        }
    ],
    "biomes": [
        {
            "color": [
                0.0,
                0.0,
                0.4000000059604645
            ],
            "id": 0,
            "maxHeight": 0.30000001192092896,
            "maxMoisture": 2.0,
            "maxTemp": 2.0,
            "minHeight": -1.0,
            "minMoisture": -1.0,
            "minTemp": -1.0,
            "name": "Deep Ocean",
            "scarcity": 0.0
        },
        {
            "color": [
                0.0,
                0.20000000298023224,
                0.6000000238418579
            ],
            "id": 1,
            "maxHeight": 0.5,
            "maxMoisture": 2.0,
            "maxTemp": 2.0,
            "minHeight": 0.30000001192092896,
            "minMoisture": -1.0,
            "minTemp": -1.0,
            "name": "Ocean",
            "scarcity": 0.0
        },
        {
            "color": [
                0.800000011920929,
                0.699999988079071,
                0.5
            ],
            "id": 2,
            "maxHeight": 0.05000000074505806,
            "maxMoisture": 2.0,
            "maxTemp": 2.0,
            "minHeight": 0.0,
            "minMoisture": -1.0,
            "minTemp": -1.0,
            "name": "Beach",
            "scarcity": 0.0
        },
        {
            "color": [
                0.30000001192092896,
                0.10000000149011612,
                0.10000000149011612
            ],
            "id": 3,
            "maxHeight": 1.0,
            "maxMoisture": 0.20000000298023224,
            "maxTemp": 1.0,
            "minHeight": 0.05000000074505806,
            "minMoisture": 0.0,
            "minTemp": 0.800000011920929,
            "name": "Scorched",
            "scarcity": 0.0
        },
        {
            "color": [
                0.8999999761581421,
                0.800000011920929,
                0.5
            ],
            "id": 4,
            "maxHeight": 1.0,
            "maxMoisture": 0.30000001192092896,
            "maxTemp": 1.0,
            "minHeight": 0.05000000074505806,
            "minMoisture": 0.0,
            "minTemp": 0.6000000238418579,
            "name": "Desert",
            "scarcity": 0.0
        },
        {
            "color": [
                0.699999988079071,
                0.800000011920929,
                0.30000001192092896
            ],
            "id": 5,
            "maxHeight": 1.0,
            "maxMoisture": 0.5,
            "maxTemp": 1.0,
            "minHeight": 0.05000000074505806,
            "minMoisture": 0.30000001192092896,
            "minTemp": 0.6000000238418579,
            "name": "Savanna",
            "scarcity": 0.0
        },
        {
            "color": [
                0.0,
                0.4000000059604645,
                0.10000000149011612
            ],
            "id": 6,
            "maxHeight": 0.800000011920929,
            "maxMoisture": 1.0,
            "maxTemp": 1.0,
            "minHeight": 0.05000000074505806,
            "minMoisture": 0.6000000238418579,
            "minTemp": 0.5,
            "name": "Tropical Rainforest",
            "scarcity": 0.0
        },
        {
            "color": [
                0.30000001192092896,
                0.699999988079071,
                0.20000000298023224
            ],
            "id": 7,
            "maxHeight": 0.699999988079071,
            "maxMoisture": 0.6000000238418579,
            "maxTemp": 0.6000000238418579,
            "minHeight": 0.05000000074505806,
            "minMoisture": 0.30000001192092896,
            "minTemp": 0.30000001192092896,
            "name": "Grassland",
            "scarcity": 0.0
        },
        {
            "color": [
                0.10000000149011612,
                0.6000000238418579,
                0.10000000149011612
            ],
            "id": 8,
            "maxHeight": 0.699999988079071,
            "maxMoisture": 0.8999999761581421,
            "maxTemp": 0.6000000238418579,
            "minHeight": 0.05000000074505806,
            "minMoisture": 0.5,
            "minTemp": 0.20000000298023224,
            "name": "Forest",
            "scarcity": 0.0
        },
        {
            "color": [
                0.10000000149011612,
                0.5,
                0.30000001192092896
            ],
            "id": 9,
            "maxHeight": 0.800000011920929,
            "maxMoisture": 1.0,
            "maxTemp": 0.5,
            "minHeight": 0.05000000074505806,
            "minMoisture": 0.800000011920929,
            "minTemp": 0.20000000298023224,
            "name": "Temperate Rainforest",